店舗名,地域,d払い,au PAY,PayPay,楽天ペイ,業種
花鮨,さがみ野1丁目,●,●,●,●,飲食
boho lover 本店,さがみ野1丁目,,,●,,小売
伝丸さがみ野,さがみ野1丁目,●,●,●,●,飲食
ヘアーサロン ハマ,さがみ野1丁目,●,●,●,●,サービス
Dog Salon ONE`S,さがみ野2丁目,●,,●,,小売
nicolii,さがみ野2丁目,●,●,●,●,サービス
読売センターさがみ野,さがみ野2丁目,,,●,,その他
REDPOISON COFFEE,さがみ野2丁目,●,●,●,●,飲食
新リンパさがみ野サロン,さがみ野2丁目,●,●,,●,サービス
揉みの樹,さがみ野2丁目,●,●,●,●,サービス
ビューティーライフさがみ野店,さがみ野2丁目,●,●,●,●,サービス
美容室HANA,さがみ野2丁目,●,●,,●,サービス
やきとり工房 さがみ野店,さがみ野2丁目,●,●,●,●,飲食
Hair&Spa ANZRIUM,さがみ野2丁目,●,●,●,,サービス
フォトヤマザキ,さがみ野2丁目,,,●,,サービス
リラクゼーションエステo2,さがみ野2丁目,●,●,●,●,サービス
みんなの整骨院,さがみ野2丁目,●,●,●,●,サービス
ペネロープ,さがみ野2丁目,●,●,●,●,サービス
ami e,さがみ野2丁目,●,●,●,●,サービス
えんびより,さがみ野2丁目,●,●,●,●,飲食
美容室 cancan,さがみ野2丁目,,,●,,サービス
あくび,さがみ野2丁目,●,●,●,,飲食
和ダイニング なな穂,さがみ野2丁目,●,●,●,●,飲食
Ashさがみ野店,さがみ野2丁目,●,,●,,サービス
串焼ロマン 八氣,さがみ野2丁目,●,●,,●,飲食
星心卓球Bar,さがみ野2丁目,●,●,●,●,飲食
かんころ亭本店,さがみ野2丁目,,●,,,飲食
かずねぇ,さがみ野2丁目,,,●,,飲食
スナック25歳,さがみ野2丁目,●,●,●,●,飲食
呑屋鈴之助,さがみ野2丁目,●,●,●,●,飲食
皆川商会,さがみ野3丁目,●,●,●,,小売
リカーランドトップ 座間店,ひばりが丘1丁目,,●,●,,その他
リュウデン,ひばりが丘1丁目,●,,,●,その他
K's BARBER SHOP,ひばりが丘1丁目,●,,●,●,サービス
タイセイサービス,ひばりが丘1丁目,,●,●,,サービス
head healing 森のおと,ひばりが丘1丁目,●,●,●,●,サービス
RAD,ひばりが丘1丁目,●,●,●,●,小売
フォトクリエーション コトノハ,ひばりが丘1丁目,●,●,●,●,サービス
花美〜HANABI〜,ひばりが丘1丁目,,,●,,サービス
ビューティーサロン美美,ひばりが丘1丁目,●,●,,,サービス
炭焼酒房 青とうがらし 南林間店,ひばりが丘2丁目,●,●,●,,飲食
ReBirth COAT,ひばりが丘2丁目,,●,,,その他
がんちゃん工房,ひばりが丘2丁目,,●,,,小売
くれよん ひばりが丘営業所,ひばりが丘2丁目,,,●,,飲食
kissa inner peace,ひばりが丘2丁目,,,●,,飲食
ひばりの森,ひばりが丘2丁目,●,●,●,●,飲食
ワイ・テイ・ビイ カリスマ倶楽部 神奈川 YTB統轄サロン菊池,ひばりが丘2丁目,,●,●,,サービス
電気&パソコンショップ カブサポ,ひばりが丘2丁目,,●,●,,小売
入船,ひばりが丘2丁目,●,,●,,飲食
anza,ひばりが丘2丁目,,,●,,飲食
はこねの森,ひばりが丘2丁目,●,●,●,●,飲食
studioCoRe ハンドメイド,ひばりが丘2丁目,,,●,,その他
ピザーラ ひばりが丘店,ひばりが丘2丁目,,,●,●,飲食
ヘアーサロンおおはし,ひばりが丘3丁目,●,,,,サービス
ホエールズマートナカジマ,ひばりが丘3丁目,●,,,,小売
中島青果店,ひばりが丘3丁目,,,●,,小売
SUNRICH LEMON,ひばりが丘3丁目,●,●,●,●,小売
イキナリデンキバナナ支店,ひばりが丘3丁目,●,,,,サービス
ひばり茶寮,ひばりが丘3丁目,●,●,●,●,飲食
1&2,ひばりが丘3丁目,,,●,,サービス
NAKAHARA映像舎,ひばりが丘3丁目,●,●,●,●,その他
エージーパフォーミングアーツ,ひばりが丘3丁目,,,●,,サービス
エステ・スクエアさがみ野団地管理組合,ひばりが丘3丁目,●,●,●,●,その他
Kimmy's Deli,ひばりが丘3丁目,●,●,●,●,飲食
おかし工房 ひばりカフェ,ひばりが丘3丁目,●,●,●,,小売
ビッグヨーサン 座間ひばりが丘店,ひばりが丘4丁目,●,,●,,小売
スポーツカムイ 座間店,ひばりが丘4丁目,,,●,,小売
トイプラザ ビット1,ひばりが丘4丁目,●,●,●,●,小売
ファイテン@元気UPプラザ,ひばりが丘4丁目,●,●,●,●,小売
FUJIYA テクモピア座間店,ひばりが丘4丁目,●,●,,●,その他
リクラマショールーム,ひばりが丘4丁目,●,●,●,●,小売
横濱家 座間店,ひばりが丘5丁目,,●,●,,飲食
スタイルガレージ,ひばりが丘5丁目,,●,,,その他
hair&beauty SOU,ひばりが丘5丁目,●,●,●,●,サービス
タイヤガーデン 座間,ひばりが丘5丁目,●,●,●,●,小売
OJIKI工房,ひばりが丘5丁目,●,●,●,,小売
KAERUファクトリー,ひばりが丘5丁目,●,●,●,●,小売
プロが教える津軽三味線教室,ひばりが丘5丁目,●,●,●,●,サービス
ケープランド,栗原,●,●,●,,小売
M.O.F,栗原,●,●,●,●,小売
excellentcraft,栗原,●,,,,その他
ROCHESTER,栗原,,●,,,飲食
garden baum 風の谷のハーブ畑,栗原,,,●,,小売
座間ゴルフ練習場,栗原,●,●,●,●,サービス
HAKONIWA,栗原,●,●,●,●,飲食
座間洋らんセンター,栗原,,,●,,小売
澤動物病院,栗原中央1丁目,●,●,●,●,その他
PreciousWAN,栗原中央1丁目,●,,●,,小売
ヘアーサロンボン,栗原中央2丁目,●,●,●,●,サービス
ざまくりめだか 座間栗原メダカファーム,栗原中央3丁目,●,●,●,●,小売
Ulalaca,栗原中央3丁目,●,●,,,その他
肉喰らう's,栗原中央3丁目,●,●,●,●,飲食
スズキカーズアイランド座間,栗原中央3丁目,,●,,,その他
YC相武台南部,栗原中央4丁目,●,●,,●,その他
やきとり屋アトム,栗原中央4丁目,●,●,,●,飲食
トリミングサロンKONA,栗原中央4丁目,,,●,,サービス
ROD SPORTS,栗原中央4丁目,,●,,●,その他
海月 座間店,栗原中央4丁目,,,●,,飲食
Car Shop Liebe,栗原中央4丁目,●,,●,●,小売
インディアンカレーレストラン,栗原中央4丁目,,●,,●,飲食
アールエスアイザワ,栗原中央4丁目,●,,,●,その他
フランボワーズ,栗原中央6丁目,,,●,,小売
archive,広野台1丁目,●,●,●,●,その他
いんぺりある,広野台1丁目,●,●,●,,サービス
中国料理福富,広野台1丁目,●,●,,,飲食
D.D.&COMPANY,広野台1丁目,●,●,,,小売
Lahori zaiqa,広野台1丁目,●,●,●,●,飲食
マリーン&ビンテージカー cotton garadge,広野台1丁目,,,●,,小売
R-FIX 座間店,広野台1丁目,,,●,,その他
リサイクルショップOne,広野台1丁目,●,●,●,●,小売
きんかどう 座間本店,広野台1丁目,,,●,,飲食
野天湯元 湯快爽快 ざま,広野台1丁目,,●,●,,その他
中国酒家 十年 座間店,広野台1丁目,●,●,●,●,飲食
CREA イオンモール座間店,広野台2丁目,●,●,●,●,サービス
ding-dongリトミック教室,広野台2丁目,,,●,●,サービス
F PREMIUM-PLAZA 座間店,広野台2丁目,,,●,,小売
Hello赤ちゃん 座間店,広野台2丁目,,,●,,小売
Luck Rack イオンモール座間店,広野台2丁目,●,●,●,●,小売
nail cube イオンスタイル座間,広野台2丁目,,,●,,サービス
TREDIALE広野台店 CREAイオンモール座間内,広野台2丁目,,●,,,その他
アエナ イオンモール座間店,広野台2丁目,,,●,,小売
アメツチテラス イオンモール座間店,広野台2丁目,,●,●,●,小売
インド料理フルバリ座間店,広野台2丁目,,,●,,飲食
かつ泉 イオンモール座間店1F,広野台2丁目,,,●,,飲食
かつ泉 イオンモール座間店2F,広野台2丁目,,,●,,飲食
コロッケ屋のころっ家 イオンモール座間店,広野台2丁目,,,●,,小売
ハッシュパピー イオンモール座間店,広野台2丁目,,,●,,小売
ベビードール イオンモール座間店,広野台2丁目,●,●,●,●,小売
リーフ イオンモール座間店,広野台2丁目,,,●,,小売
ルームパステル 座間店,広野台2丁目,●,●,●,●,小売
韓国スーパー リトルソウル イオンモール座間店,広野台2丁目,,,●,,小売
紀伊國屋書店 イオンモール座間店,広野台2丁目,●,●,●,●,小売
手芸の丸十 イオンモール座間店,広野台2丁目,●,,●,,小売
麺場 田所商店 イオンモール座間店,広野台2丁目,,,●,,飲食
WILD BEACH 座間,広野台2丁目,●,●,●,●,サービス
東京と月とお酒(MOON LIQUOR'S TOKYO),座間1丁目,●,●,●,●,小売
つぼ焼きいもや芋の音,座間1丁目,,,●,,飲食
オート紅菱,座間1丁目,●,●,●,●,小売
オクツ機械,座間1丁目,●,●,●,●,小売
フルモト 座間カタノ店,座間1丁目,,,●,,小売
平和堂 時計店,座間1丁目,●,●,●,●,小売
やきとり大吉 座間下宿店,座間1丁目,●,,,,小売
脂肪取りサロン solis,座間1丁目,●,●,●,●,サービス
naco nail,座間1丁目,,,●,,サービス
神山クリーニング本店,座間1丁目,,,●,,サービス
Cafeと雑貨の店 ごろにゃん,座間1丁目,,,●,,飲食
せいげつ,座間1丁目,,,●,,飲食
タイタッチ座間店,座間1丁目,,,●,,その他
ワイン・フード若林酒店,座間1丁目,●,●,●,●,小売
プレスト,座間1丁目,●,,●,,小売
大矢製畳,座間1丁目,,,●,,小売
尾張屋,座間1丁目,,,●,,飲食
アシスト24 神奈川座間店,座間1丁目,●,●,●,,その他
ナチュラ動物病院,座間2丁目,●,●,●,●,その他
リウィンクス,座間2丁目,●,,●,,その他
石見タクシー,四ツ谷,●,●,●,●,サービス
total condition salon Macore 入谷店,四ツ谷,●,,,●,サービス
カーエキスパート,四ツ谷,●,●,●,●,その他
カーショップWILL海老名座間店,四ツ谷,●,●,,●,小売
TOTALREPAIR TAKEM,四ツ谷,●,●,●,,その他
TOPOL,四ツ谷,●,●,●,●,小売
FOOD TRUCK OFFSHORE,小松原1丁目,,●,,,飲食
焼肉はとや,小松原1丁目,●,,●,●,飲食
秀和塗料,小松原2丁目,,,●,,サービス
おそば朝日屋,小松原2丁目,●,,●,,飲食
酒のウエキ,小松原2丁目,●,,●,,小売
NPOさがみ 座間小松原荘,小松原2丁目,,,●,,その他
ケイズフードシステム 座間営業所,小松原2丁目,,,●,,小売
渡辺タクシー,小松原2丁目,●,●,●,●,サービス
プライベートサロンLOKAHI,小松原2丁目,,,●,,サービス
eyelash salon TEE...,新田宿,,,●,,サービス
Smile ハート 座間店,新田宿,,,●,,小売
freemam2020,新田宿,,,●,,小売
Prime Quantum,新田宿,●,●,,●,その他
Riders Base Riberty,西栗原2丁目,●,●,●,●,飲食
ハッピーアール,西栗原2丁目,,●,,,飲食
YBJAPAN,西栗原2丁目,●,●,,●,小売
侑大,相武台1丁目,,,●,,サービス
相和自動車工業,相武台1丁目,●,●,●,●,その他
dogsalon sucre,相武台1丁目,●,●,●,●,小売
大東繊維相武台店,相武台1丁目,●,●,●,●,小売
デジ家,相武台1丁目,●,●,●,●,飲食
ラーメン屋が作る手作りチャーシュー屋,相武台1丁目,,,●,,小売
座間ゆたか農園,相武台1丁目,●,●,●,●,小売
mobius3sloop,相武台1丁目,,●,,,小売
スタジオ フォト・デニーロ,相武台1丁目,,,●,,サービス
ザマスタジオ,相武台1丁目,●,,,●,その他
食堂ぽーくん,相武台1丁目,●,●,●,●,飲食
ROCHESTER AFRICAN,相武台1丁目,●,,,,小売
M,相武台1丁目,●,●,●,●,飲食
京城 アギヤ,相武台1丁目,●,●,●,●,飲食
焼肉相模,相武台1丁目,●,●,●,●,飲食
焼鳥はつらいよ 相武台店,相武台1丁目,●,●,●,●,飲食
アーナンダ,相武台1丁目,,,●,,その他
ModePop 相武台店,相武台1丁目,●,●,●,●,サービス
Ping Pong Bar 伽羅,相武台1丁目,●,●,●,,飲食
有山商店,相武台1丁目,●,●,●,●,小売
BAGEL&BAGEL 小田急相武台前駅,相武台1丁目,,,●,,小売
CREA相武台前,相武台1丁目,●,●,●,●,サービス
Odakyu OX 相武台店,相武台1丁目,●,●,●,●,小売
TREDIALE相武台店CREA相武台前内,相武台1丁目,,●,,,その他
パンジー 相武台小田急マルシェ店,相武台1丁目,●,●,,●,小売
ヒビヤカダンスタイル 相武台店,相武台1丁目,●,●,,●,小売
ランドフローラ ヒビヤカダンスタイル 相武台店,相武台1丁目,,,●,,小売
おにぎり 惣菜のしょうわ,相武台1丁目,●,,●,●,小売
整体サロン 温和,相武台1丁目,●,●,,,サービス
cafebar GAJAH,相武台1丁目,●,●,●,●,飲食
FAMILIA,相武台1丁目,●,●,●,●,飲食
居酒屋 くろ,相武台1丁目,●,●,●,,飲食
福園,相武台1丁目,,,●,,飲食
goovy,相武台1丁目,●,●,●,●,サービス
おしゃれ倶楽部 相武台駅前店,相武台1丁目,,,●,,サービス
居酒屋 灯り,相武台1丁目,●,●,●,●,飲食
焼き肉・ホルモンいくどん相武台店,相武台1丁目,●,●,●,●,飲食
Studio Discovery,相武台1丁目,,●,,,その他
Veena nails,相武台1丁目,●,●,●,●,サービス
ひろさわ,相武台1丁目,●,●,●,●,サービス
Amabile,相武台1丁目,●,●,●,●,サービス
落合写真館,相武台1丁目,,,●,,サービス
CYCLE SHOP D,相武台1丁目,●,●,●,●,小売
DOG FREAKS 座間店,相武台1丁目,●,●,●,●,小売
ヘアリゾート a.soleil,相武台1丁目,,,●,,サービス
アクアサービス 武村アクアサービス,相武台1丁目,,,●,,その他
ラ・リチェッタ,相武台1丁目,●,●,●,●,飲食
アニスはりきゅう治療院,相武台1丁目,●,●,●,●,サービス
正山工業,相武台1丁目,,,●,,その他
おそうじ本舗 座間相武台駅前店,相武台2丁目,,●,,,サービス
ガスペック 神奈川支店,相武台2丁目,,,●,,その他
KLIPOK,相武台2丁目,,,●,,小売
Hona nail,相武台2丁目,●,●,,●,サービス
HAIR DESIGN ame,相武台2丁目,●,●,●,,サービス
COMMU-CAFE LINKS,相武台2丁目,,,●,,飲食
kie and spa hair,相武台2丁目,●,●,●,●,サービス
PeachNailsmanami,相武台2丁目,,,●,,サービス
こぐまのアトリエ,相武台2丁目,,●,,,その他
BEE'S KNEES,相武台3丁目,●,●,●,●,サービス
アメリカンタウン・米軍基地の英会話教室,相武台3丁目,,,●,,サービス
焼き菓子&cafeあいむ,相武台3丁目,●,●,●,●,飲食
ブティック優美 座間店,相武台3丁目,,,●,,小売
ulu,相武台3丁目,●,●,●,●,サービス
SUN,相武台3丁目,●,●,●,●,サービス
パン工房ふくふく 座間店,相武台3丁目,●,●,●,●,小売
Choki Peta 相武台店,相武台3丁目,●,●,●,●,サービス
Hair Salon PURAFURA,相武台3丁目,●,●,●,●,サービス
DOLCECASALINGO,相武台3丁目,●,●,●,●,飲食
とり道楽 相武台店,相武台3丁目,●,,,,小売
a.common,相武台3丁目,●,●,,●,サービス
emi&u,相武台3丁目,●,●,●,●,サービス
リラクア 相武台サロン,相武台3丁目,,,●,,サービス
居酒屋やま,相武台3丁目,●,●,●,●,飲食
結musubi,相武台3丁目,●,●,●,●,飲食
ミートショップニッパイ,相武台3丁目,●,●,●,●,小売
griffin,相武台3丁目,,,●,,サービス
CATANDUANES,相武台3丁目,●,●,●,,飲食
Osteria GiGi,相武台3丁目,●,●,●,●,飲食
相武台駅前弁当 ポカラ,相武台3丁目,●,●,●,●,飲食
dining kitchen GREEN TABLE,相武台3丁目,,●,●,,飲食
LA COUPE,相武台3丁目,●,●,●,●,サービス
ヘアーサロン フォーユー,相武台4丁目,●,●,●,,サービス
Link 相武台店,相武台4丁目,,●,●,,サービス
ストーンレプタイル,相武台4丁目,●,●,●,●,小売
Keeepa,相武台4丁目,●,●,●,●,サービス
ビューティーライフ 相武台店,相武台4丁目,,,●,,サービス
ますや酒店,相武台4丁目,●,,●,●,小売
ぬぅ酒場,相武台4丁目,,,●,,飲食
BAR aboab＿o,相武台4丁目,●,●,●,●,飲食
天然石 癒しの石,相武台4丁目,,●,●,,小売
シエステ相武台前,相武台4丁目,●,●,●,●,サービス
HANA,相模が丘1丁目,●,●,,,その他
かえるの棲,相模が丘1丁目,,,●,,その他
桜ん坊のパン工房,相模が丘1丁目,,,●,,小売
K's project,相模が丘1丁目,●,●,●,●,小売
SUSHI 51,相模が丘1丁目,●,●,●,●,飲食
Piccolino by Produce 小田急相模原店,相模が丘1丁目,●,●,●,,サービス
中華料理 味來,相模が丘1丁目,●,●,●,,飲食
雑貨ショップT&H,相模が丘1丁目,,●,,,小売
やきとり二代目うる虎,相模が丘1丁目,●,●,●,●,飲食
鶏均,相模が丘1丁目,●,,●,●,飲食
ステラネイル,相模が丘1丁目,●,●,●,●,サービス
美容室ZAZA,相模が丘1丁目,,●,,●,サービス
トリコのしま,相模が丘1丁目,●,●,●,●,飲食
いつもの所,相模が丘1丁目,●,●,●,●,飲食
一丁目の夕日,相模が丘1丁目,●,●,●,●,飲食
カラオケ居酒屋 ぼんくら,相模が丘1丁目,●,●,●,●,飲食
チェンライ,相模が丘1丁目,●,●,●,●,サービス
小澤商店 小田急相模原店,相模が丘1丁目,,●,●,●,飲食
ファーストゴルフスクール,相模が丘1丁目,●,●,●,●,サービス
GOEN,相模が丘1丁目,,,●,,サービス
らぁ麺 秀登,相模が丘1丁目,●,●,●,●,飲食
日本広告通信,相模が丘1丁目,●,●,,●,その他
FANTASY DANCE SCHOOL 町田,相模が丘1丁目,,,●,,サービス
Fstudio,相模が丘1丁目,,●,,,サービス
なごみ整骨院,相模が丘1丁目,●,●,●,●,サービス
CROWNBID Recycle Shop,相模が丘1丁目,●,●,●,●,小売
タージハラルフードレストラン,相模が丘1丁目,●,●,●,●,飲食
フォルクス 座間店,相模が丘1丁目,,●,●,●,飲食
小顔矯正&ロミロミ ラハイナ,相模が丘1丁目,●,●,●,●,サービス
KomFactory,相模が丘1丁目,●,,●,,サービス
エコライフ館,相模が丘1丁目,●,●,●,,その他
バー フレンズ,相模が丘1丁目,●,●,,●,飲食
スタジオテラス,相模が丘1丁目,●,●,●,●,小売
はあとねいる 座間相模が丘店,相模が丘1丁目,●,●,●,●,サービス
Deu-Reptiles,相模が丘1丁目,,,●,,小売
肉屋の肉ヤ 神奈川座間店,相模が丘1丁目,●,●,●,●,小売
ワークデザイン,相模が丘1丁目,●,,,,小売
誠和自動車販売,相模が丘1丁目,,●,,●,その他
サイクル松村,相模が丘1丁目,●,●,●,●,小売
タージビリヤニハウス,相模が丘1丁目,●,●,●,●,飲食
Etupirika,相模が丘2丁目,●,●,●,●,サービス
居酒屋 かんちゃん,相模が丘2丁目,●,●,●,●,飲食
台湾料理興福順 座間店,相模が丘2丁目,,,●,,飲食
かたおか,相模が丘2丁目,●,●,,,飲食
スタミナ3,相模が丘2丁目,●,●,●,●,飲食
ほぐし処 癒and… 小田急相模原店,相模が丘2丁目,,,●,,サービス
アニメバー アップデート,相模が丘2丁目,●,●,●,●,飲食
海ぼうず Healing Room,相模が丘2丁目,●,●,●,●,サービス
NIGHT MARKET,相模が丘2丁目,●,●,●,●,飲食
Hair Shop Rest,相模が丘2丁目,●,,,,その他
Lakka.,相模が丘2丁目,●,●,●,●,サービス
U-nest cafe,相模が丘2丁目,●,●,●,●,飲食
ショートスタイルサロンワルツ,相模が丘2丁目,●,●,●,●,サービス
さくら・くれーる,相模が丘2丁目,,,●,,小売
atto アット,相模が丘3丁目,●,●,●,●,サービス
Resolve,相模が丘3丁目,●,●,●,●,その他
World Charm,相模が丘3丁目,●,●,●,●,小売
蒙古茶荘,相模が丘3丁目,,●,,,小売
ほのめ堂,相模が丘3丁目,●,●,●,●,小売
キリマンジャロ,相模が丘3丁目,●,●,,●,飲食
串こころ 愛川本店,相模が丘3丁目,,,●,,飲食
MAXクリーニング 座間店,相模が丘3丁目,●,●,●,●,サービス
パンの家あいあい,相模が丘3丁目,●,●,●,●,小売
光鶴園,相模が丘3丁目,●,●,●,●,小売
ballet school ダンスール,相模が丘3丁目,,,●,,サービス
T.M. 座間店,相模が丘3丁目,,●,,,その他
しずの湯 相模原,相模が丘3丁目,●,●,●,●,その他
信濃,相模が丘3丁目,●,,●,,飲食
サイクルショップ ムラオカ,相模が丘4丁目,,,●,,小売
お菓子司 とよだや,相模が丘4丁目,,,●,,小売
ヒダ塗料店,相模が丘4丁目,●,,●,,小売
味ん味ん 座間相模が丘店,相模が丘4丁目,,,●,,飲食
福綴,相模が丘4丁目,●,●,●,●,飲食
お家Cafe&Bar Don🌻My,相模が丘4丁目,,,●,,飲食
グリグリ,相模が丘4丁目,,●,,,飲食
さらに燃えるSPラボ,相模が丘4丁目,●,●,,●,小売
Cafe WANPAL,相模が丘4丁目,●,●,●,●,飲食
おうちごはん はな福食堂,相模が丘4丁目,,●,,,飲食
スコーン専門店 マチ・スコーン,相模が丘4丁目,●,●,●,●,飲食
炭火やきとり 昔ばなし,相模が丘4丁目,●,,●,,飲食
中華料理 東吉之島,相模が丘4丁目,●,●,,●,飲食
萬福楼酒家,相模が丘4丁目,●,●,●,●,飲食
アトリエ・カズ,相模が丘4丁目,,,●,,小売
望月タクシー,相模が丘4丁目,●,●,●,,サービス
日誠自動車,相模が丘5丁目,●,●,●,●,小売
春駒,相模が丘5丁目,●,●,●,●,飲食
全国の味噌まさきや,相模が丘5丁目,●,●,●,●,小売
AcousticBar Rim,相模が丘5丁目,●,●,●,●,飲食
アラバンカ柔術アカデミー,相模が丘5丁目,●,●,●,●,サービス
すし処 たか,相模が丘5丁目,●,●,●,,飲食
PUB MISTY,相模が丘5丁目,,●,●,●,飲食
club JIN,相模が丘5丁目,●,●,,●,飲食
bar へぶん,相模が丘5丁目,●,●,●,●,飲食
BIRTH DAYS,相模が丘5丁目,●,●,●,●,飲食
ごはんや のり‘sキッチン,相模が丘5丁目,●,●,●,●,飲食
LOGUE CAFE&BAR,相模が丘5丁目,●,●,●,●,飲食
ちゅーとはんぴ,相模が丘5丁目,,,●,,飲食
THEONE,相模が丘5丁目,●,,,●,飲食
Probe,相模が丘5丁目,●,●,●,,サービス
ガンバワーク 相模原店,相模が丘5丁目,,,●,,小売
kitchenトリトリ,相模が丘5丁目,●,●,●,●,小売
asian relaxation villa 小田急相模原店,相模が丘5丁目,●,●,●,●,サービス
office imakara,相模が丘5丁目,●,●,●,●,小売
HOT SPICE HALAL FOOD,相模が丘5丁目,●,●,●,●,小売
PIRKACUP,相模が丘5丁目,,,●,,小売
Tmile Gym,相模が丘5丁目,,●,●,●,その他
とのそば,相模が丘5丁目,,,●,,飲食
ipf japan,相模が丘5丁目,●,●,●,●,小売
Spice Home 相模原店,相模が丘5丁目,,,●,,小売
LOHAS by KENJE,相模が丘5丁目,,,●,,サービス
介護タクシー心,相模が丘5丁目,●,●,●,●,その他
美容室ユニティ 小田急相模原店,相模が丘5丁目,●,●,●,●,サービス
@ほーむ,相模が丘5丁目,●,●,●,●,飲食
AQUA,相模が丘5丁目,●,,,●,その他
MABUHAY,相模が丘5丁目,●,●,●,●,飲食
MUSIC BAR 六弦,相模が丘5丁目,●,●,●,●,飲食
スポット,相模が丘5丁目,●,●,●,●,飲食
Raymond レイモンド,相模が丘5丁目,,●,,●,その他
痩身とほぐしのRELAX-LABO,相模が丘5丁目,,,●,,サービス
ブレッシング,相模が丘5丁目,,●,,●,その他
men'sbeauty threw,相模が丘5丁目,,,●,,サービス
siga-siga シガシガ,相模が丘5丁目,●,●,●,●,サービス
アライメガネ,相模が丘5丁目,●,●,●,●,小売
ネイルサロンHANA,相模が丘5丁目,●,●,●,●,サービス
ポワルポ,相模が丘5丁目,●,●,●,●,サービス
煮込みトやきとりバードメン,相模が丘5丁目,●,●,,●,飲食
瑞-鍼灸院,相模が丘5丁目,,,●,,サービス
美顔製作所 Re:im,相模が丘5丁目,●,●,●,●,サービス
Hair&Makeおともだち,相模が丘5丁目,●,●,●,●,サービス
相模原メガネ,相模が丘5丁目,●,●,●,●,小売
Re:Mind,相模が丘5丁目,●,●,●,●,サービス
Aroma Luana,相模が丘5丁目,●,●,,●,サービス
ツノ生える,相模が丘5丁目,●,●,●,●,飲食
居酒屋 スナックはるみ,相模が丘5丁目,●,●,●,●,飲食
cochi cafe,相模が丘5丁目,●,●,●,●,飲食
あじわい八 相模が丘店,相模が丘6丁目,●,●,●,●,飲食
AS整体&コンディショニング,相模が丘6丁目,●,●,●,,サービス
クリーニングショップフラット 相模が丘店,相模が丘6丁目,●,●,●,●,サービス
フレスト,相模が丘6丁目,,,●,,小売
MRK home nail,相模が丘6丁目,,,●,,サービス
生田タクシー,相模が丘6丁目,●,●,,●,その他
M&M' motorcycle,相模が丘6丁目,●,●,●,●,小売
ハウスプロテクト 神奈川,東原1丁目,,●,,●,その他
デイブレイクギターズ,東原1丁目,●,●,,●,その他
パリクロアッサン 座間東原店,東原1丁目,●,●,●,●,飲食
塗王.com,東原1丁目,,●,●,●,その他
setaria,東原2丁目,,,●,,小売
かねた屋,東原2丁目,,,●,,小売
UF Auto,東原2丁目,●,●,●,●,小売
スタジオM&E,東原3丁目,●,●,●,●,サービス
フジシン,東原3丁目,,,●,,その他
2りんかん,東原3丁目,●,●,●,●,小売
バイク館 座間店,東原3丁目,,,●,,小売
木村タクシー,東原4丁目,●,●,●,●,サービス
アンカーマート,東原4丁目,,●,,,小売
IDEAコミュニティスクール,東原4丁目,●,●,●,●,サービス
コバック座間店,東原4丁目,●,●,●,●,その他
モドーリー座間店,東原4丁目,,,●,,その他
ツールオフ 座間店,南栗原1丁目,,,●,,小売
トコトコ,南栗原2丁目,●,,,●,小売
PGT,南栗原3丁目,●,●,●,●,小売
ネイルサロン Fulfill nail,南栗原3丁目,,●,,,サービス
Nail salon Purem,南栗原4丁目,●,●,●,●,サービス
HelC hair care,南栗原4丁目,●,●,●,●,サービス
新生堂,南栗原4丁目,●,,,,小売
すずき動物病院,南栗原4丁目,●,●,●,●,その他
メガネストアー さがみ野店,南栗原4丁目,●,●,●,●,小売
HAIR HOUSE plumeria,南栗原4丁目,●,●,●,●,サービス
小澤タクシー,南栗原6丁目,●,●,●,●,サービス
Cafe Garden,南栗原6丁目,,,●,,飲食
アップガレージ ライダースナップス座間店,南栗原6丁目,●,●,●,●,小売
仲間自動車硝子,入谷西1丁目,●,●,,,小売
美洗館 鈴鹿神社前店,入谷西1丁目,,,●,,サービス
カミヤマクリーニング,入谷西1丁目,●,●,,●,サービス
ネイルサロン Mint.,入谷西2丁目,,,●,,サービス
焼肉スエヒロ館 座間店,入谷西2丁目,,,●,,飲食
嵐の湯座間店,入谷西2丁目,,,●,,その他
ドライヘッドスパ settleplace,入谷西2丁目,,,●,,サービス
かなん鍼灸院,入谷西3丁目,●,●,●,●,サービス
ワークトップ,入谷西3丁目,●,,●,,小売
クロロフイル 座間美顔教室,入谷西3丁目,●,,●,●,サービス
おはな食堂,入谷西3丁目,●,●,●,,飲食
エース,入谷西3丁目,,●,,●,小売
knot,入谷西4丁目,●,●,●,●,サービス
居酒屋 リストア,入谷西4丁目,●,●,●,●,飲食
ガッツレンタカー 座間駅前店,入谷西4丁目,●,●,●,●,サービス
もみかる座間店,入谷西4丁目,●,●,●,●,サービス
さとう動物病院,入谷西4丁目,●,●,●,●,その他
大勢寿し,入谷西4丁目,●,●,●,●,飲食
Goldic,入谷西5丁目,,,●,,小売
ファミールクリーニング 座間店,入谷西5丁目,●,,●,,サービス
独楽寿司 座間店,入谷西5丁目,,,●,,飲食
新鮮市場なかや 座間入谷店,入谷西5丁目,,●,●,●,小売
フラワーショップ花誠,入谷西5丁目,●,,,,小売
ラーメン魁力屋 座間店,入谷西5丁目,●,●,●,,飲食
パソコンスクールZAMa,入谷西5丁目,,●,●,,サービス
AB MOTORS,入谷西5丁目,●,●,●,●,小売
カリガリ神奈川,入谷西5丁目,,,●,,飲食
花岡博士のヴァイオリンスクール,入谷東2丁目,,,●,,サービス
焼肉牧場ぼくんち,入谷東2丁目,●,●,●,●,飲食
とり道楽 相武台前駅北口店,入谷東3丁目,●,●,●,●,飲食
こやま珈琲,入谷東3丁目,,,●,,飲食
おしゃれ倶楽部 座間入谷店,入谷東3丁目,,,●,,サービス
澤田屋ランドセル,入谷東3丁目,●,●,●,●,小売
MiseL,入谷東3丁目,●,●,,,サービス
あいる整骨院,入谷東3丁目,,●,●,,サービス
レンタルスペースいばしょ/カオカオれすきゅー,入谷東3丁目,,,●,,その他
Bar Stretta di mano,入谷東3丁目,●,●,●,●,飲食
やきとり寿一,入谷東3丁目,,,●,,飲食
ユアシセイドウ マツムラ,入谷東3丁目,●,●,●,●,小売
ティンフォン ベトナム料理,入谷東3丁目,●,●,,●,飲食
ループ,入谷東3丁目,,,●,,飲食
唐揚げ工房いいから,入谷東3丁目,,,●,,飲食
美容室 Noa-Noa,入谷東3丁目,●,●,●,●,サービス
ドッグサロン森のくまさん 座間駅前,入谷東3丁目,,,●,,サービス
マチルダ,入谷東3丁目,●,●,,,その他
喫茶ランドリー(ホシノタニ団地),入谷東3丁目,●,●,●,●,飲食
CAFE IMPRESSION,入谷東3丁目,●,●,●,●,飲食
Odakyu OX 座間店,入谷東3丁目,●,●,●,●,小売
ポエム 座間駅前本店,入谷東3丁目,,,●,,飲食
Dining bal PEACE,入谷東3丁目,●,●,●,●,飲食
スクールメイトミチル 座間店,入谷東3丁目,●,●,●,●,小売
Nailouge ネイルージュ 座間店,入谷東4丁目,,,,●,サービス
珍萬楼 座間店,入谷東4丁目,●,,●,●,飲食
創考テクノ 座間営業所,入谷東4丁目,●,●,●,●,小売
エースデンキ,入谷東4丁目,,●,,●,サービス
Pilates Studio SUNNY,入谷東4丁目,●,,●,●,サービス
sparkjoy,入谷東4丁目,,,●,,小売
外狩豆腐店,入谷東4丁目,,,●,,小売
All Kinematics整骨院,入谷東4丁目,●,●,●,●,サービス
神龍飯店,入谷東4丁目,●,●,●,●,飲食
花メッセージ,入谷東4丁目,●,●,●,●,小売
香川ピアノ教室,入谷東4丁目,,,●,,サービス
さか本そば店,入谷東4丁目,●,,●,,飲食
vivy nail,入谷東4丁目,●,●,●,●,サービス
無 fragrance cosme,入谷東4丁目,●,●,,●,小売
コーヒーノート,入谷東4丁目,,,●,,小売
ミートプラザ肉の石川,入谷東4丁目,●,●,●,●,小売
TSUDOI,入谷東4丁目,●,●,,●,サービス
藤代工房 梅座敷,入谷東4丁目,,,●,,その他
座間丸十製パン,入谷東4丁目,●,●,●,●,飲食
フローリスト花恵,入谷東4丁目,,,●,,小売
Treebalance座間店,入谷東4丁目,●,●,,●,サービス
BooZe BoNd,入谷東4丁目,,,●,,飲食
焼肉ホルモンばんげ 座間駅前店,入谷東4丁目,●,●,●,●,飲食
レンタルスペースいばしょ/カオカオれすきゅー,入谷東4丁目,,,●,,その他
Lady 座間店,立野台2丁目,●,●,●,●,サービス
パン香房つちや立野台店,立野台2丁目,●,●,●,●,小売
藤代工房 立野台スタジオ,立野台3丁目,,●,,●,小売
KaMi-Sha,立野台3丁目,●,●,●,●,サービス
＊maplewarehouse＊,立野台3丁目,,,●,,小売
座間動物病院 トリミング・ペットホテル,立野台3丁目,,●,●,,サービス
ほほえみショップ,緑ケ丘1丁目,●,●,●,●,小売
みんなのやまちゃん,緑ケ丘1丁目,,,●,,飲食
ドッグビューティーサロン ベネカァネ 座間本店,緑ケ丘1丁目,●,●,●,●,サービス
Cozy Bar,緑ケ丘1丁目,●,●,●,●,サービス
Rosmarin,緑ケ丘1丁目,●,●,●,●,サービス
彩雲堂,緑ケ丘2丁目,●,●,,●,その他
三寶天壽企画,緑ケ丘2丁目,,,●,,その他
美容室フィーノ,緑ケ丘2丁目,,●,●,,サービス
鈴木タクシー,緑ケ丘2丁目,●,●,●,●,サービス
EL BIGOTE(メキシカン エルビゴーテ),緑ケ丘3丁目,,,●,,飲食
リンパサロン緑櫻-Ryokuha,緑ケ丘4丁目,,,●,,サービス
タカハシデンキ,緑ケ丘4丁目,●,●,●,,小売
あいる美容室,緑ケ丘4丁目,●,●,,,サービス
本家かまどや 座間緑ヶ丘店,緑ケ丘4丁目,,,●,●,飲食
カギ屋かたの,緑ケ丘4丁目,,●,,,その他
yogaspacek,緑ケ丘5丁目,●,●,●,●,サービス
To/onハウスクリーニング,緑ケ丘5丁目,,,●,,サービス
Monabu,緑ケ丘5丁目,,,●,,サービス
グランクール,緑ケ丘5丁目,●,●,●,,小売
BIG BEAR,緑ケ丘6丁目,●,●,●,●,小売
中沢商店,緑ケ丘6丁目,,,●,,小売
ホークスビーク,緑ケ丘6丁目,●,●,●,●,小売
北京料理 双龍,緑ケ丘6丁目,●,●,●,,飲食
HAIR MAKE DESART,緑ケ丘6丁目,●,●,●,●,サービス
